<?xml version="1.0" encoding="ISO-8859-1"?>
<!DOCTYPE refentry PUBLIC "-//OASIS//DTD DocBook XML V4.1.2//EN"
                   "http://www.oasis-open.org/docbook/xml/4.1.2/docbookx.dtd">
<!-- lifted from troff+man by doclifter -->
<refentry id='version3'>
<refentryinfo><date>21 Nov 2001</date></refentryinfo>
<refmeta>
<refentrytitle>IPSEC_IPSEC_VERSION_CODE</refentrytitle>
<manvolnum>3</manvolnum>
<refmiscinfo class='date'>21 Nov 2001</refmiscinfo>
</refmeta>
<refnamediv id='name'>
<refname>ipsec ipsec_version_code</refname>
<refname>ipsec ipsec_version_string</refname>
<refname>ipsec ipsec_copyright_notice</refname>
<refpurpose>get IPsec version code, full version string, copyright notice</refpurpose>
</refnamediv>
<!-- body begins here -->
<refsynopsisdiv id='synopsis'>
<funcsynopsis>
<funcsynopsisinfo>
#include &lt;freeswan.h&gt;

</funcsynopsisinfo>
<funcprototype>
<funcdef>const char *<function>ipsec_version_code</function></funcdef>
    <paramdef><parameter>void</parameter></paramdef>
</funcprototype>

<funcprototype>
<funcdef>const char *<function>ipsec_version_string</function></funcdef>
    <paramdef><parameter>void</parameter></paramdef>
</funcprototype>

<funcprototype>
<funcdef>const char **<function>ipsec_copyright_notice</function></funcdef>
    <paramdef><parameter>void</parameter></paramdef>
</funcprototype>
</funcsynopsis>
</refsynopsisdiv>


<refsect1 id='description'><title>DESCRIPTION</title>
<para>These functions provide information on version numbering and copyright
of the Linux FreeS/WAN IPsec implementation.</para>

<para><emphasis remap='I'>Ipsec_version_code</emphasis>
returns a pointer to a string constant
containing the current IPsec version code,
such as &ldquo;1.92&rdquo; or &ldquo;snap2001Nov19b&rdquo;.</para>

<para><emphasis remap='I'>Ipsec_version_string</emphasis>
returns a pointer to a string constant giving a full version identification,
consisting of the version code preceded by a prefix identifying the software,
e.g. &ldquo;Linux FreeS/WAN 1.92&rdquo;.</para>

<para><emphasis remap='I'>Ipsec_copyright_notice</emphasis>
returns a pointer to a vector of pointers,
terminated by a
<emphasis remap='B'>NULL</emphasis>,
which is the text of a suitable copyright notice.
Each pointer points to a string constant (possibly empty) which is one line
of the somewhat-verbose copyright notice.
The strings are NUL-terminated and do not contain a newline;
supplying suitable line termination for the output device is
the caller's responsibility.</para>
</refsect1>

<refsect1 id='see_also'><title>SEE ALSO</title>
<para><citerefentry><refentrytitle>ipsec</refentrytitle><manvolnum>8</manvolnum></citerefentry></para>
</refsect1>

<refsect1 id='history'><title>HISTORY</title>
<para>Written for the FreeS/WAN project by Henry Spencer.</para>
</refsect1>
</refentry>

